Agrupacion,2023-01-01 00:00:00,2023-01-02 00:00:00,2023-01-03 00:00:00,2023-01-04 00:00:00,2023-01-05 00:00:00,2023-01-06 00:00:00,2023-01-07 00:00:00,2023-01-08 00:00:00,2023-01-09 00:00:00,2023-01-10 00:00:00,2023-01-11 00:00:00,2023-01-12 00:00:00,2023-01-13 00:00:00,2023-01-14 00:00:00,2023-01-15 00:00:00,2023-01-16 00:00:00,2023-01-17 00:00:00,2023-01-18 00:00:00,2023-01-19 00:00:00,2023-01-20 00:00:00,2023-01-21 00:00:00,2023-01-22 00:00:00,2023-01-23 00:00:00,2023-01-24 00:00:00,2023-01-25 00:00:00,2023-01-26 00:00:00,2023-01-27 00:00:00,2023-01-28 00:00:00,2023-01-29 00:00:00,2023-01-30 00:00:00,2023-01-31 00:00:00,2023-02-01 00:00:00,2023-02-02 00:00:00,2023-02-03 00:00:00,2023-02-04 00:00:00,2023-02-05 00:00:00,2023-02-06 00:00:00,2023-02-07 00:00:00,2023-02-08 00:00:00,2023-02-09 00:00:00,2023-02-10 00:00:00,2023-02-11 00:00:00,2023-02-12 00:00:00,2023-02-13 00:00:00,2023-02-14 00:00:00,2023-02-15 00:00:00,2023-02-16 00:00:00,2023-02-17 00:00:00,2023-02-18 00:00:00,2023-02-19 00:00:00,2023-02-20 00:00:00,2023-02-21 00:00:00,2023-02-22 00:00:00,2023-02-23 00:00:00,2023-02-24 00:00:00,2023-02-25 00:00:00,2023-02-26 00:00:00,2023-02-27 00:00:00,2023-02-28 00:00:00,2023-03-01 00:00:00,2023-03-02 00:00:00,2023-03-03 00:00:00,2023-03-04 00:00:00,2023-03-05 00:00:00,2023-03-06 00:00:00,2023-03-07 00:00:00,2023-03-08 00:00:00,2023-03-09 00:00:00,2023-03-10 00:00:00,2023-03-11 00:00:00,2023-03-12 00:00:00,2023-03-13 00:00:00,2023-03-14 00:00:00,2023-03-15 00:00:00,2023-03-16 00:00:00,2023-03-17 00:00:00,2023-03-18 00:00:00,2023-03-19 00:00:00,2023-03-20 00:00:00,2023-03-21 00:00:00,2023-03-22 00:00:00,2023-03-23 00:00:00,2023-03-24 00:00:00,2023-03-25 00:00:00,2023-03-26 00:00:00,2023-03-27 00:00:00,2023-03-28 00:00:00,2023-03-29 00:00:00,2023-03-30 00:00:00,2023-03-31 00:00:00,2023-04-01 00:00:00,2023-04-02 00:00:00,2023-04-03 00:00:00,2023-04-04 00:00:00,2023-04-05 00:00:00,2023-04-06 00:00:00,2023-04-07 00:00:00,2023-04-08 00:00:00,2023-04-09 00:00:00,2023-04-10 00:00:00,2023-04-11 00:00:00,2023-04-12 00:00:00,2023-04-13 00:00:00,2023-04-14 00:00:00,2023-04-15 00:00:00,2023-04-16 00:00:00,2023-04-17 00:00:00,2023-04-18 00:00:00,2023-04-19 00:00:00,2023-04-20 00:00:00,2023-04-21 00:00:00,2023-04-22 00:00:00,2023-04-23 00:00:00,2023-04-24 00:00:00,2023-04-25 00:00:00,2023-04-26 00:00:00,2023-04-27 00:00:00,2023-04-28 00:00:00,2023-04-29 00:00:00,2023-04-30 00:00:00,2023-05-01 00:00:00,2023-05-02 00:00:00,2023-05-03 00:00:00,2023-05-04 00:00:00,2023-05-05 00:00:00,2023-05-06 00:00:00,2023-05-07 00:00:00,2023-05-08 00:00:00,2023-05-09 00:00:00,2023-05-10 00:00:00,2023-05-11 00:00:00,2023-05-12 00:00:00,2023-05-13 00:00:00,2023-05-14 00:00:00,2023-05-15 00:00:00,2023-05-16 00:00:00,2023-05-17 00:00:00,2023-05-18 00:00:00,2023-05-19 00:00:00,2023-05-20 00:00:00,2023-05-21 00:00:00,2023-05-22 00:00:00,2023-05-23 00:00:00,2023-05-24 00:00:00,2023-05-25 00:00:00,2023-05-26 00:00:00,2023-05-27 00:00:00,2023-05-28 00:00:00,2023-05-29 00:00:00,2023-05-30 00:00:00,2023-05-31 00:00:00,2023-06-01 00:00:00,2023-06-02 00:00:00,2023-06-03 00:00:00,2023-06-04 00:00:00,2023-06-05 00:00:00,2023-06-06 00:00:00,2023-06-07 00:00:00,2023-06-08 00:00:00,2023-06-09 00:00:00,2023-06-10 00:00:00,2023-06-11 00:00:00,2023-06-12 00:00:00,2023-06-13 00:00:00,2023-06-14 00:00:00,2023-06-15 00:00:00,2023-06-16 00:00:00,2023-06-17 00:00:00,2023-06-18 00:00:00,2023-06-19 00:00:00,2023-06-20 00:00:00,2023-06-21 00:00:00,2023-06-22 00:00:00,2023-06-23 00:00:00,2023-06-24 00:00:00,2023-06-25 00:00:00,2023-06-26 00:00:00,2023-06-27 00:00:00,2023-06-28 00:00:00,2023-06-29 00:00:00,2023-06-30 00:00:00,2023-07-01 00:00:00,2023-07-02 00:00:00,2023-07-03 00:00:00,2023-07-04 00:00:00,2023-07-05 00:00:00,2023-07-06 00:00:00,2023-07-07 00:00:00,2023-07-08 00:00:00,2023-07-09 00:00:00,2023-07-10 00:00:00,2023-07-11 00:00:00,2023-07-12 00:00:00,2023-07-13 00:00:00,2023-07-14 00:00:00,2023-07-15 00:00:00,2023-07-16 00:00:00,2023-07-17 00:00:00,2023-07-18 00:00:00,2023-07-19 00:00:00,2023-07-20 00:00:00,2023-07-21 00:00:00,2023-07-22 00:00:00,2023-07-23 00:00:00,2023-07-24 00:00:00,2023-07-25 00:00:00,2023-07-26 00:00:00,2023-07-27 00:00:00,2023-07-28 00:00:00,2023-07-29 00:00:00,2023-07-30 00:00:00,2023-07-31 00:00:00,2023-08-01 00:00:00,2023-08-02 00:00:00,2023-08-03 00:00:00,2023-08-04 00:00:00,2023-08-05 00:00:00,2023-08-06 00:00:00,2023-08-07 00:00:00,2023-08-08 00:00:00,2023-08-09 00:00:00,2023-08-10 00:00:00,2023-08-11 00:00:00,2023-08-12 00:00:00,2023-08-13 00:00:00,2023-08-14 00:00:00,2023-08-15 00:00:00,2023-08-16 00:00:00,2023-08-17 00:00:00,2023-08-18 00:00:00,2023-08-19 00:00:00,2023-08-20 00:00:00,2023-08-21 00:00:00,2023-08-22 00:00:00,2023-08-23 00:00:00,2023-08-24 00:00:00,2023-08-25 00:00:00,2023-08-26 00:00:00,2023-08-27 00:00:00,2023-08-28 00:00:00,2023-08-29 00:00:00,2023-08-30 00:00:00,2023-08-31 00:00:00,2023-09-01 00:00:00,2023-09-02 00:00:00,2023-09-03 00:00:00,2023-09-04 00:00:00,2023-09-05 00:00:00,2023-09-06 00:00:00,2023-09-07 00:00:00,2023-09-08 00:00:00,2023-09-09 00:00:00,2023-09-10 00:00:00,2023-09-11 00:00:00,2023-09-12 00:00:00,2023-09-13 00:00:00,2023-09-14 00:00:00,2023-09-15 00:00:00,2023-09-16 00:00:00,2023-09-17 00:00:00,2023-09-18 00:00:00,2023-09-19 00:00:00,2023-09-20 00:00:00,2023-09-21 00:00:00,2023-09-22 00:00:00,2023-09-23 00:00:00,2023-09-24 00:00:00,2023-09-25 00:00:00,2023-09-26 00:00:00,2023-09-27 00:00:00,2023-09-28 00:00:00,2023-09-29 00:00:00,2023-09-30 00:00:00,2023-10-01 00:00:00,2023-10-02 00:00:00,2023-10-03 00:00:00,2023-10-04 00:00:00,2023-10-05 00:00:00,2023-10-06 00:00:00,2023-10-07 00:00:00,2023-10-08 00:00:00,2023-10-09 00:00:00,2023-10-10 00:00:00,2023-10-11 00:00:00,2023-10-12 00:00:00,2023-10-13 00:00:00,2023-10-14 00:00:00,2023-10-15 00:00:00,2023-10-16 00:00:00,2023-10-17 00:00:00,2023-10-18 00:00:00,2023-10-19 00:00:00,2023-10-20 00:00:00,2023-10-21 00:00:00,2023-10-22 00:00:00,2023-10-23 00:00:00,2023-10-24 00:00:00,2023-10-25 00:00:00,2023-10-26 00:00:00,2023-10-27 00:00:00,2023-10-28 00:00:00,2023-10-29 00:00:00,2023-10-30 00:00:00,2023-10-31 00:00:00,2023-11-01 00:00:00,2023-11-02 00:00:00,2023-11-03 00:00:00,2023-11-04 00:00:00,2023-11-05 00:00:00,2023-11-06 00:00:00,2023-11-07 00:00:00,2023-11-08 00:00:00,2023-11-09 00:00:00,2023-11-10 00:00:00,2023-11-11 00:00:00,2023-11-12 00:00:00,2023-11-13 00:00:00,2023-11-14 00:00:00,2023-11-15 00:00:00,2023-11-16 00:00:00,2023-11-17 00:00:00,2023-11-18 00:00:00,2023-11-19 00:00:00,2023-11-20 00:00:00,2023-11-21 00:00:00,2023-11-22 00:00:00,2023-11-23 00:00:00,2023-11-24 00:00:00,2023-11-25 00:00:00,2023-11-26 00:00:00,2023-11-27 00:00:00,2023-11-28 00:00:00,2023-11-29 00:00:00,2023-11-30 00:00:00,2023-12-01 00:00:00,2023-12-02 00:00:00,2023-12-03 00:00:00,2023-12-04 00:00:00,2023-12-05 00:00:00,2023-12-06 00:00:00,2023-12-07 00:00:00,2023-12-08 00:00:00,2023-12-09 00:00:00,2023-12-10 00:00:00,2023-12-11 00:00:00,2023-12-12 00:00:00,2023-12-13 00:00:00,2023-12-14 00:00:00,2023-12-15 00:00:00,2023-12-16 00:00:00,2023-12-17 00:00:00,2023-12-18 00:00:00,2023-12-19 00:00:00,2023-12-20 00:00:00,2023-12-21 00:00:00,2023-12-22 00:00:00,2023-12-23 00:00:00,2023-12-24 00:00:00,2023-12-25 00:00:00,2023-12-26 00:00:00,2023-12-27 00:00:00,2023-12-28 00:00:00,2023-12-29 00:00:00,2023-12-30 00:00:00,2023-12-31 00:00:00
NovaSphere,0,0,4,4,4,0,4,0,0,3,4,4,3,4,0,0,4,4,4,4,4,0,0,4,4,4,4,4,0,0,4,4,4,4,4,0,0,4,4,4,4,4,0,0,4,4,4,4,4,0,0,3,5,4,4,4,0,0,3,4,4,1,4,0,0,4,4,4,4,4,0,0,4,5,4,4,4,0,0,4,4,4,4,4,0,0,4,4,4,4,4,0,0,4,4,4,4,3,0,0,4,4,4,4,0,0,0,4,4,4,4,4,0,0,4,4,4,4,3,0,0,4,4,4,4,4,0,0,4,4,4,4,4,0,0,4,4,4,4,4,0,0,4,4,4,4,4,0,0,4,4,4,4,4,0,0,5,5,5,5,5,0,0,5,5,5,5,5,0,0,5,5,5,5,4,0,0,4,4,4,4,4,0,0,4,4,4,4,2,0,0,3,4,4,4,4,0,0,4,4,4,4,4,0,0,4,4,4,4,4,0,0,4,4,4,4,4,0,0,4,4,4,4,4,0,0,4,4,4,4,4,0,0,4,4,4,4,4,0,0,4,4,4,4,4,0,0,4,4,4,4,4,0,0,4,4,4,4,4,0,0,4,4,4,4,6,0,0,4,4,4,4,4,0,0,4,4,4,4,4,0,0,4,4,4,4,3,0,0,4,4,4,4,5,0,0,4,6,6,6,4,0,0,4,4,4,4,4,0,0,4,4,4,4,4,0,0,4,4,4,4,4,0,0,5,5,5,5,5,0,0,6,6,6,6,6,0,0,6,5,6,5,6,0,0,6,6,6,6,6,0,0,5,5,6,6,6,0,0,6,6,5,5,6,0
Zenith_Dynamics,0,0,0,0,0,0,0,0,0,0,0,0,0,0,0,0,0,0,0,0,0,0,0,0,0,0,0,0,0,0,0,0,0,0,0,0,0,2,2,2,2,2,0,0,0,0,0,0,0,0,0,0,2,2,2,2,0,0,0,0,0,0,0,0,0,2,2,2,2,2,0,0,0,0,0,0,0,0,0,0,0,0,0,0,0,0,0,0,0,0,0,0,0,0,0,0,0,0,0,0,0,0,0,0,0,0,0,0,0,0,0,0,0,0,0,0,0,0,0,0,0,0,0,0,0,0,0,0,0,0,0,0,0,0,0,0,0,0,0,0,0,0,0,0,0,0,0,0,0,0,0,4,4,4,0,0,4,4,4,4,4,0,0,4,4,4,4,4,0,0,4,4,4,4,4,0,0,4,4,4,4,4,0,0,4,4,4,4,3,0,0,3,4,4,4,4,0,0,4,4,4,4,4,0,0,4,4,4,4,4,0,0,4,4,4,4,4,0,0,4,4,4,4,4,0,0,0,4,4,4,4,0,0,4,4,4,4,4,0,0,4,4,4,4,4,0,0,4,4,4,4,4,0,0,4,4,4,4,4,0,0,4,4,4,4,6,0,0,4,4,4,4,4,0,0,4,4,4,4,4,0,0,4,4,0,4,4,0,0,4,0,4,4,5,0,0,4,6,6,6,4,0,0,4,0,4,4,4,0,0,4,4,4,4,4,0,0,4,4,4,4,3,0,0,0,0,0,0,0,0,0,4,4,4,4,4,0,0,4,0,4,0,4,0,0,4,4,4,4,4,0,0,4,4,4,4,4,0,0,5,5,5,1,1,0
StellarEdge,0,0,0,0,0,0,0,0,0,0,0,0,0,0,0,0,1,0,0,0,0,0,0,0,0,0,0,0,0,0,0,0,0,0,0,0,0,0,0,0,0,0,0,0,2,2,2,2,2,0,0,4,0,0,0,0,0,0,4,4,4,4,4,0,0,1,1,1,1,1,0,0,3,3,3,3,3,0,0,2,2,2,2,2,0,0,2,2,2,2,2,0,0,2,2,2,2,2,0,0,2,2,2,0,0,0,0,0,2,2,2,2,0,0,2,2,2,2,2,0,0,2,2,2,2,2,0,0,2,2,2,2,2,0,0,2,2,2,2,2,0,0,2,2,2,2,2,0,0,2,2,2,2,2,0,0,2,2,2,2,2,0,0,2,2,2,2,2,0,0,2,2,2,2,2,0,0,2,2,2,2,2,0,0,2,2,1,2,2,0,0,2,2,2,2,2,0,0,2,2,2,2,2,0,0,2,2,2,2,2,0,0,2,2,2,2,2,0,0,2,2,2,2,2,0,0,0,2,2,2,2,0,0,2,2,2,2,2,0,0,2,2,2,2,2,0,0,2,2,2,2,2,0,0,2,2,2,2,2,0,0,2,2,2,2,2,0,0,2,2,2,2,2,0,0,2,2,2,2,2,0,0,2,2,0,2,2,0,0,2,2,2,2,2,0,0,1,1,1,1,1,0,0,2,0,2,2,2,0,0,2,2,2,2,2,0,0,1,2,2,2,2,0,0,2,2,2,2,2,0,0,2,2,2,2,2,0,0,2,0,2,0,2,0,0,2,1,1,2,2,0,0,2,2,2,2,2,0,0,2,2,2,2,2,0
CrimsonPeak,0,0,0,0,0,0,0,0,0,0,1,1,1,1,0,0,0,0,0,0,0,0,0,0,0,0,0,0,0,0,0,0,0,0,0,0,0,0,0,0,0,0,0,0,0,0,0,0,0,0,0,0,0,1,0,0,0,0,0,0,0,0,0,0,0,1,1,1,1,1,0,0,1,1,1,1,1,0,0,0,0,0,0,0,0,0,0,0,0,0,0,0,0,0,0,0,0,0,0,0,1,0,0,0,0,0,0,0,0,0,0,0,0,0,0,0,0,0,0,0,0,0,0,0,0,0,0,0,0,0,0,0,0,0,0,0,0,0,0,0,0,0,0,0,0,0,0,0,0,0,0,0,0,0,0,0,0,0,0,0,0,0,0,0,0,0,0,0,0,0,0,0,0,0,0,0,0,0,0,0,0,0,0,0,0,0,0,0,0,0,0,0,0,0,0,0,0,0,0,0,0,0,0,0,0,0,0,0,0,0,0,0,0,0,0,0,0,0,0,0,0,0,0,0,0,0,0,0,0,0,0,0,0,0,0,0,0,0,0,0,0,0,0,0,0,0,0,0,0,0,0,0,0,0,0,0,0,0,0,0,0,0,0,0,0,0,0,0,0,0,0,0,0,0,0,0,0,0,0,0,0,0,0,0,0,0,0,0,0,0,0,0,0,0,0,0,0,0,0,0,0,0,0,0,0,0,0,0,0,0,0,0,0,0,0,0,0,0,0,0,0,0,0,0,0,0,0,0,0,0,0,0,0,0,0,0,0,0,0,0,0,0,0,0,0,0,0,0,0,0,0,0,0,0,0,0,0,0,0,0,0,0,0,0,0
QuantumStream,0,0,0,0,0,0,0,0,0,0,0,0,0,0,0,0,0,0,0,0,0,0,0,0,0,0,0,0,0,0,0,0,0,0,0,0,0,0,0,0,0,0,0,0,0,0,0,0,0,0,0,0,0,0,0,0,0,0,0,0,0,0,0,0,0,0,0,0,0,0,0,0,0,0,0,0,0,0,0,0,0,0,0,0,0,0,0,0,0,0,0,0,0,0,0,0,0,0,0,0,0,0,0,0,0,0,0,0,0,0,0,0,0,0,0,0,0,0,0,0,0,0,0,0,0,0,0,0,0,0,0,0,0,0,0,0,0,0,0,0,0,0,0,0,0,0,0,0,0,0,0,0,0,0,0,0,0,0,0,0,0,0,0,0,0,0,0,0,0,0,0,0,0,0,0,0,0,0,0,0,0,0,0,0,0,0,0,0,0,0,0,0,0,0,0,0,0,0,0,0,0,0,0,0,0,0,0,0,0,0,0,0,0,0,0,0,0,0,0,0,0,0,0,0,0,0,0,0,0,0,0,0,0,0,0,0,0,0,0,0,0,0,0,0,0,0,0,0,0,0,0,0,0,0,0,0,0,0,0,0,0,1,1,1,1,1,0,0,1,1,1,1,1,0,0,1,1,1,1,1,0,0,1,1,0,1,1,0,0,1,1,1,1,1,0,0,1,1,1,1,1,0,0,1,0,1,0,0,0,0,0,0,0,0,0,0,0,1,1,1,1,1,0,0,1,1,1,1,1,0,0,0,0,0,0,0,0,0,0,0,1,0,0,0,0,0,0,0,0,0,0,0,0,0,0,0,0,0,0,1,1,1,1,1,0
ApexHorizon_Corp,5,5,3,3,2,5,3,3,4,0,0,0,0,0,3,4,0,0,0,0,0,3,3,0,0,0,0,2,3,4,0,0,0,1,4,4,4,1,5,1,0,0,5,5,0,0,0,0,0,5,5,1,0,0,0,1,5,5,1,0,1,4,2,5,5,0,0,0,1,2,4,5,0,2,0,2,2,5,3,0,0,0,0,0,4,4,0,0,0,0,1,6,6,0,0,0,0,2,5,6,3,4,3,5,6,6,6,7,3,4,5,5,6,5,6,0,0,1,1,5,5,0,0,5,0,0,4,5,0,0,0,0,0,6,7,1,0,0,3,4,8,8,1,1,1,1,4,8,8,2,1,1,2,2,8,8,2,2,2,2,4,8,8,3,3,2,2,2,8,8,2,3,2,2,7,8,7,3,4,5,4,8,8,8,5,4,5,5,9,9,9,5,5,5,5,9,8,9,5,5,5,5,9,8,9,8,6,6,6,8,8,7,8,7,8,8,9,8,7,10,9,8,10,11,10,7,10,8,10,10,11,10,7,8,7,8,8,9,9,8,7,7,7,6,6,8,7,5,5,5,5,8,7,7,3,3,3,3,6,6,6,2,2,2,2,4,5,5,2,2,2,2,4,8,8,3,2,1,1,4,5,5,1,1,6,2,3,6,6,0,0,0,4,0,3,3,0,0,0,0,3,6,6,5,6,0,0,3,6,7,0,0,0,0,0,4,5,0,0,0,0,2,5,5,0,0,3,0,0,4,5,0,0,0,0,0,6,7,1,3,2,5,5,6,7,1,1,0,0,5,5,6,1,1,0,0,4,5,7,4,3,3,3,4,5
Silverline,4,4,2,3,4,6,3,5,5,0,0,0,0,0,4,4,0,0,0,0,0,3,3,0,0,0,0,0,4,7,0,0,0,1,4,5,4,0,5,0,0,0,4,6,0,0,0,0,0,5,5,1,0,0,0,1,6,7,1,0,0,4,1,5,3,0,0,0,1,3,5,4,0,2,0,2,2,5,4,0,0,0,0,0,3,3,0,0,0,0,0,5,5,0,0,0,0,1,5,5,4,3,4,5,6,6,7,4,2,3,3,3,4,7,3,0,0,0,2,7,7,0,0,5,0,0,5,7,0,0,0,0,0,5,7,2,0,0,2,4,5,5,0,0,0,0,3,7,7,1,1,2,3,3,8,8,1,2,3,3,4,8,8,2,4,3,2,6,10,10,3,3,4,5,9,9,8,5,5,3,2,8,7,8,4,4,6,6,10,10,9,5,6,5,5,10,11,11,7,7,6,6,11,9,8,9,8,6,6,10,10,8,8,8,5,6,10,10,8,9,8,7,7,10,10,8,9,8,8,7,10,10,8,7,7,5,6,9,9,7,6,5,4,5,5,6,6,5,5,4,4,6,6,5,3,3,3,2,4,4,5,1,1,1,1,4,5,6,1,1,1,1,4,7,6,4,0,1,1,4,5,5,1,1,4,0,2,6,7,1,1,1,4,1,2,2,0,0,0,0,3,6,7,6,6,0,0,4,7,6,0,0,0,0,0,5,6,0,0,0,0,0,6,6,0,0,4,0,0,5,5,1,0,0,0,3,6,5,1,3,1,4,2,6,6,1,1,0,1,4,5,5,1,1,1,1,4,5,8,4,4,5,3,4,5
Emberglow,0,0,6,6,6,0,6,0,0,7,7,7,7,7,0,0,7,7,7,7,7,0,0,7,7,7,7,7,0,0,7,7,7,7,7,0,0,7,7,7,7,7,0,0,7,7,7,7,7,0,0,7,7,7,7,7,0,0,7,7,7,7,7,0,0,7,7,7,7,7,0,0,7,7,7,7,7,0,0,7,7,7,7,7,0,0,7,7,7,7,7,0,0,7,7,7,7,7,0,0,7,7,7,0,0,0,0,0,7,6,6,6,0,0,0,6,6,6,6,0,0,6,6,6,6,6,0,0,5,4,4,4,6,0,0,6,6,6,6,6,0,0,6,6,6,6,6,0,0,5,5,5,5,5,0,0,5,5,5,5,5,0,0,5,5,5,5,5,0,0,5,5,5,4,0,0,0,5,6,6,6,6,0,0,6,6,6,6,6,0,0,6,5,5,5,6,0,0,5,4,5,5,5,0,0,5,5,5,5,5,0,0,6,6,6,6,6,0,0,5,5,5,5,5,0,0,0,5,5,5,4,0,0,5,5,3,3,4,0,0,5,5,5,5,6,0,0,5,5,5,5,5,0,0,4,4,4,4,4,0,0,4,3,4,4,4,0,0,4,4,4,4,4,3,3,1,5,5,5,5,0,0,5,5,0,5,5,0,0,5,5,5,5,5,0,0,5,5,5,5,5,0,0,5,0,5,5,5,0,0,4,3,4,4,3,0,0,4,4,4,4,4,0,0,4,4,4,4,3,0,0,4,4,4,4,4,0,0,4,0,4,0,4,0,0,4,3,3,3,3,0,0,3,4,5,5,5,0,0,5,5,5,4,4,0
TitanForge,0,0,1,0,1,0,2,0,0,2,2,2,2,2,0,0,2,2,2,2,2,0,0,2,2,2,2,2,0,0,2,2,2,2,2,0,0,2,2,2,2,2,0,0,2,2,2,2,2,0,0,2,3,2,2,2,0,0,2,2,2,2,2,0,0,2,2,2,2,2,0,0,2,2,2,0,0,0,0,2,2,2,2,2,0,0,2,2,2,2,2,0,0,2,2,2,1,2,0,0,2,2,2,0,0,0,0,0,0,0,0,0,0,0,0,2,2,2,2,0,0,2,3,3,3,3,0,0,2,2,2,2,2,0,0,2,2,3,2,2,1,0,2,2,2,2,2,0,0,2,2,2,2,2,0,0,2,2,2,2,2,0,0,2,2,2,2,2,0,0,2,2,2,2,0,0,0,2,2,2,2,1,0,0,2,2,1,2,2,0,0,2,2,2,2,2,0,0,2,2,2,2,2,0,0,2,2,2,2,2,0,0,0,0,0,0,0,0,0,0,0,0,0,0,0,0,0,0,0,0,0,0,0,0,0,0,0,0,0,0,0,0,0,0,2,0,0,2,2,2,2,2,0,0,2,2,2,3,3,0,0,2,2,2,2,2,0,0,3,2,2,2,2,0,0,0,3,2,2,2,0,0,2,3,0,2,2,0,0,2,2,2,2,2,0,0,2,2,2,2,2,0,0,0,0,2,2,2,0,0,2,2,3,2,2,0,0,2,2,2,2,2,0,0,2,2,2,2,2,0,0,2,2,2,2,2,0,0,2,0,2,0,2,0,0,2,2,2,2,2,0,0,2,2,2,2,2,0,0,0,0,0,0,1,0
BlueCascade,0,0,0,0,0,0,0,0,0,0,0,0,0,0,0,0,0,0,0,0,0,0,0,0,0,0,0,0,0,0,0,0,0,0,0,0,0,0,0,0,0,0,0,0,0,0,0,0,0,0,0,0,0,0,0,0,0,0,0,0,0,0,0,0,0,0,0,0,0,0,0,0,0,0,0,0,0,0,0,0,0,0,0,0,0,0,0,0,0,0,0,0,0,0,0,0,0,0,0,0,0,0,0,0,0,0,0,0,0,0,0,0,0,0,0,0,0,0,0,0,0,0,0,0,0,0,0,0,0,0,0,0,0,0,0,0,0,0,0,0,0,0,0,0,0,0,0,0,0,0,0,0,0,0,0,0,0,0,0,0,0,0,0,0,0,0,0,0,0,0,0,0,0,0,0,0,0,0,0,0,0,0,0,0,0,0,0,0,0,0,0,0,0,0,0,0,0,0,0,0,0,0,0,0,0,0,0,0,0,0,0,0,0,0,0,0,0,0,0,0,0,0,0,0,0,0,0,0,0,0,0,0,0,0,0,0,0,0,0,0,0,0,0,0,0,0,0,0,0,0,0,0,0,0,0,0,0,0,0,0,0,0,0,0,0,0,0,0,0,0,0,0,0,0,0,0,0,0,0,0,0,0,0,0,0,0,0,0,0,0,0,0,0,0,0,0,0,0,0,0,0,0,0,0,0,0,0,0,0,0,0,0,0,0,0,0,0,0,0,0,0,0,0,0,0,0,0,0,0,0,0,0,0,0,0,0,0,0,0,0,0,0,0,0,0,0,0,0,0,0,0,0,0,0,0,0,0,0,0,0,0,0,0,0,0
RadiantTrail,0,0,10,9,11,0,11,0,0,9,9,9,10,9,0,0,9,9,9,10,10,0,0,10,11,10,9,9,0,0,10,10,10,11,9,0,0,11,10,10,10,10,0,0,10,10,11,11,12,0,0,9,12,11,10,9,0,0,9,9,9,8,8,0,0,9,9,9,9,9,0,0,9,10,10,9,9,0,0,10,10,10,10,10,0,0,10,10,11,10,10,0,0,11,11,10,10,10,0,0,12,12,12,0,0,0,0,0,10,9,11,9,0,0,0,10,11,10,10,0,0,12,13,12,12,12,0,0,13,12,12,12,12,0,0,13,13,13,13,12,0,0,16,14,14,13,13,0,0,13,13,13,12,13,0,0,12,12,12,12,13,0,0,12,11,12,11,12,0,0,11,10,12,11,0,0,0,10,10,9,10,10,1,1,9,11,11,10,10,1,1,10,10,9,10,12,1,1,10,10,10,10,10,1,1,10,10,10,11,12,1,1,10,10,11,11,11,1,1,10,10,11,10,10,1,1,0,10,11,10,10,1,1,9,9,10,10,10,1,1,10,10,10,9,10,0,0,10,10,10,10,10,0,0,10,9,10,10,10,0,0,10,11,11,10,10,0,0,11,10,10,11,11,0,0,0,10,10,11,11,0,0,12,13,0,12,12,0,0,12,12,12,12,12,0,0,9,11,11,10,11,0,0,10,0,10,9,9,0,0,10,10,9,10,10,0,0,10,12,11,13,12,0,0,12,11,10,13,13,0,0,11,11,9,10,10,0,0,10,0,10,0,10,0,0,10,10,10,10,10,0,0,10,9,10,9,9,0,0,13,11,12,12,12,0
OrbitEra,0,0,0,0,0,0,0,0,0,0,0,0,0,0,0,0,0,0,0,0,0,0,0,0,0,0,0,0,0,0,0,0,0,0,0,0,0,0,0,0,0,0,0,0,0,0,0,0,0,0,0,0,0,0,0,0,0,0,0,0,0,0,0,0,0,0,0,0,0,0,0,0,0,0,0,0,0,0,0,0,0,0,0,0,0,0,0,0,0,0,0,0,0,0,0,0,0,0,0,0,0,0,0,0,0,0,0,0,0,0,0,0,0,0,0,0,0,0,0,0,0,0,0,0,0,0,0,0,0,0,0,0,0,0,0,0,0,0,0,0,0,0,0,0,0,0,0,0,0,0,0,0,0,0,0,0,0,0,0,0,0,0,0,0,0,0,0,0,0,0,0,0,0,0,0,0,0,0,0,0,0,0,0,0,0,0,0,0,0,0,0,0,0,0,0,0,0,0,0,0,0,0,0,0,0,0,0,0,0,0,0,0,0,0,0,0,0,0,0,0,0,0,0,0,0,0,0,0,0,0,0,0,0,0,0,0,0,0,0,0,0,0,0,0,0,0,0,0,0,0,0,0,0,0,0,0,0,0,0,0,0,0,0,0,0,0,0,0,0,0,0,0,0,0,0,0,0,0,0,0,0,0,0,0,0,0,0,0,0,0,0,0,0,0,0,0,0,0,0,0,0,0,0,0,0,0,0,0,0,0,0,0,0,0,0,0,0,0,0,0,0,0,0,0,0,0,0,0,0,0,0,0,0,0,0,0,0,0,0,0,0,0,0,0,0,0,0,0,0,0,0,0,0,0,0,0,0,0,0,0,0,0,0,0,0
SwiftPine_Logistics,0,0,2,1,1,0,2,0,0,2,2,2,2,2,0,0,2,2,2,2,2,0,0,2,2,2,2,2,0,0,2,2,2,2,2,0,0,2,2,2,2,2,0,0,2,2,2,2,2,0,0,2,2,2,2,2,0,0,2,2,2,2,2,0,0,2,2,2,2,2,0,0,2,2,2,1,0,0,0,2,2,2,2,2,0,0,2,2,2,2,2,0,0,2,2,2,2,2,0,0,2,2,2,0,0,0,0,0,1,0,0,0,0,0,0,2,2,2,2,0,0,2,2,2,2,2,0,0,2,2,2,2,2,0,0,2,2,2,2,2,0,0,2,2,2,2,2,0,0,2,2,2,2,2,0,0,2,2,2,2,2,0,0,2,1,2,2,2,0,0,2,1,2,1,0,0,0,0,1,1,2,1,0,0,1,0,1,0,0,0,0,0,0,1,1,1,0,0,0,0,1,0,1,0,0,1,1,2,1,1,0,0,0,0,1,0,0,0,0,1,0,1,0,0,0,0,0,0,1,0,0,0,0,0,0,1,0,0,0,0,0,0,1,0,0,0,0,0,1,0,1,0,0,0,1,2,1,2,1,0,0,1,2,1,1,0,0,0,1,2,1,2,1,0,0,1,2,1,2,0,0,0,1,2,0,2,1,0,0,1,2,1,2,1,0,0,0,1,0,1,0,0,0,0,0,1,2,1,0,0,1,2,1,2,1,0,0,1,2,1,2,1,0,0,1,2,1,2,2,0,0,1,2,1,2,1,0,0,1,0,2,0,1,0,0,1,2,1,2,1,0,0,1,2,1,2,1,0,0,0,0,1,0,0,0
IronCrest_Group,0,0,0,0,0,0,2,0,0,2,2,2,2,2,0,0,2,2,2,2,2,0,0,2,2,2,2,2,0,0,2,2,2,2,2,0,0,2,2,2,2,2,0,0,2,2,2,2,2,0,0,2,2,2,2,2,0,0,2,2,2,2,2,0,0,2,2,2,2,2,0,0,2,1,2,0,0,0,0,2,2,2,2,2,0,0,2,2,2,2,2,0,0,2,2,2,2,2,0,0,2,2,2,0,0,0,0,0,0,0,0,0,0,0,0,2,1,1,1,0,0,1,1,1,1,1,0,0,1,1,1,1,1,0,0,1,1,1,1,1,0,0,1,1,1,1,1,0,0,1,1,1,1,1,0,0,1,1,1,1,1,0,0,1,1,1,1,1,0,0,1,1,1,0,0,0,0,1,1,0,1,1,0,0,1,1,1,1,1,0,0,1,1,1,1,1,0,0,1,1,1,1,1,0,0,1,1,1,1,1,0,0,0,0,0,0,0,0,0,0,0,0,0,0,0,0,0,1,0,1,1,0,0,1,1,0,1,1,0,0,1,1,0,1,1,0,0,1,1,1,1,1,0,0,1,1,1,1,1,0,0,1,1,1,1,1,0,0,1,1,1,1,1,0,0,0,1,1,1,1,0,0,1,1,0,1,1,0,0,1,1,1,1,1,0,0,1,1,1,1,1,0,0,0,0,1,1,1,0,0,1,1,1,1,1,0,0,1,1,1,2,1,0,0,1,1,1,1,1,0,0,1,1,1,1,1,0,0,0,0,1,0,1,0,0,1,1,1,1,1,0,0,1,1,1,1,1,0,0,0,0,0,0,0,0
Ecolume_Systems,0,0,0,0,0,0,0,0,0,1,1,1,1,1,0,0,0,1,1,1,1,0,0,2,2,2,2,2,0,0,1,1,1,1,1,0,0,1,1,1,1,1,0,0,1,1,1,1,1,0,0,1,1,1,1,1,0,0,1,1,1,1,1,0,0,1,1,1,1,1,0,0,1,1,1,1,0,0,0,1,1,1,1,1,0,0,1,1,1,1,1,0,0,1,1,1,1,1,0,0,1,1,1,0,0,0,0,0,0,0,0,0,0,0,0,1,1,1,1,0,0,1,1,1,1,1,0,0,1,1,1,1,1,0,0,1,1,1,1,1,0,0,1,1,1,1,1,0,0,1,1,1,1,1,0,0,1,1,1,1,1,0,0,1,1,1,1,1,0,0,1,1,1,1,0,0,0,0,0,0,0,0,0,0,0,0,0,0,0,0,0,0,0,0,0,0,0,0,0,0,0,0,0,0,0,0,0,0,0,0,0,0,0,0,0,0,0,0,0,0,0,0,0,0,0,0,0,0,0,0,0,0,0,0,0,0,0,0,0,0,0,0,0,0,0,0,0,0,0,0,0,0,0,0,0,1,1,1,1,0,0,1,1,1,1,1,0,0,1,1,1,1,1,0,0,0,1,1,1,1,0,0,2,2,0,2,2,0,0,2,2,2,2,2,0,0,2,2,2,2,2,0,0,0,0,2,2,2,0,0,2,2,2,2,2,0,0,2,2,2,2,2,0,0,2,1,1,2,2,0,0,2,2,2,2,2,0,0,2,0,2,0,2,0,0,2,2,2,2,2,0,0,2,2,2,2,0,0,0,1,1,1,1,1,0
OmniWave_Holdings,0,0,5,4,4,0,4,0,0,3,3,3,3,4,0,0,5,5,5,5,5,0,0,6,6,6,6,6,0,0,7,7,7,7,7,0,0,5,5,5,4,4,0,0,4,4,5,5,5,0,0,4,4,4,4,4,0,0,4,4,4,4,4,0,0,4,4,4,4,5,0,0,6,4,5,5,5,0,0,5,4,4,4,4,0,0,4,4,4,5,5,0,0,4,5,4,4,4,0,0,6,6,6,0,0,0,0,0,5,4,3,3,0,0,5,6,7,7,7,0,0,8,6,5,6,6,0,0,7,7,8,8,8,0,0,8,8,7,7,7,0,0,7,8,8,8,8,0,0,8,8,8,5,5,0,0,6,7,7,7,4,0,0,4,4,4,4,4,0,0,4,5,4,5,0,0,0,5,5,5,5,5,0,0,4,4,4,5,5,0,0,4,4,4,5,8,0,0,5,6,6,6,6,0,0,6,6,5,6,6,0,0,6,6,6,6,6,0,0,6,6,6,6,6,0,0,0,5,5,4,4,0,0,4,4,4,4,4,0,0,6,6,6,6,6,0,0,6,5,6,6,6,0,0,6,7,7,7,7,0,0,7,7,7,5,7,0,0,6,6,6,6,6,0,0,6,6,5,6,6,0,0,6,6,0,6,6,0,0,6,6,5,6,7,0,0,4,6,6,6,6,0,0,7,0,7,7,7,0,0,7,7,7,7,7,0,0,7,9,9,8,8,0,0,7,7,8,7,7,0,0,8,8,8,8,8,0,0,9,0,7,0,7,0,0,8,8,8,8,8,0,0,8,8,7,6,9,0,0,8,9,9,9,2,0
LunarPath_Entreprises,0,0,0,0,0,0,0,0,0,0,0,0,0,0,0,0,0,0,0,0,0,0,0,0,0,0,0,0,0,0,0,0,0,0,0,0,0,0,0,0,0,0,0,0,0,0,0,0,0,0,0,0,0,0,0,0,0,0,0,0,0,0,0,0,0,0,0,0,0,0,0,0,0,0,0,0,0,0,0,0,0,0,0,0,0,0,0,0,0,0,0,0,0,0,0,0,0,0,0,0,0,0,0,0,0,0,0,0,0,0,0,0,0,0,0,0,0,0,0,0,0,0,0,0,0,0,0,0,0,0,0,0,0,0,0,0,0,0,0,0,0,0,0,0,0,0,0,0,0,0,0,0,0,0,0,0,0,0,0,0,0,0,0,0,0,0,0,0,0,0,0,0,0,0,0,0,0,0,0,0,0,0,0,0,0,0,0,0,0,0,0,0,0,0,0,0,0,0,0,0,0,0,0,0,0,0,0,0,0,0,0,0,0,0,0,0,0,0,0,0,0,0,0,0,0,0,0,0,0,0,0,0,0,0,0,0,0,0,0,0,0,0,0,0,0,0,0,0,0,0,0,0,0,0,0,0,0,0,0,0,0,0,0,0,0,0,0,0,0,0,0,0,0,0,0,0,0,0,0,0,0,0,0,0,0,0,0,0,0,0,0,0,0,0,0,0,0,0,0,0,0,0,0,0,0,0,0,0,0,0,0,0,0,0,0,0,0,0,0,0,0,0,0,0,0,0,0,0,0,0,0,0,0,0,0,0,0,0,0,0,0,0,0,0,0,0,0,0,0,0,0,0,0,0,0,0,0,0,0,0,0,0,0,0,0
BoldCove,0,0,7,7,7,0,0,0,0,8,9,9,8,8,0,0,9,9,9,9,9,0,0,11,10,12,12,12,0,0,12,12,11,12,12,0,0,12,12,12,12,12,0,0,14,14,14,14,13,0,0,11,13,12,12,12,0,0,11,12,11,12,12,0,0,13,13,13,11,11,0,0,12,12,11,11,0,0,0,14,12,12,12,12,0,0,10,10,10,10,10,0,0,9,9,9,9,9,0,0,9,9,9,0,0,0,0,0,10,9,9,9,0,0,0,10,10,9,9,0,0,11,11,10,10,10,0,0,11,11,11,12,12,0,0,8,9,9,9,9,0,0,7,7,7,8,8,0,0,9,9,10,9,9,0,0,8,9,10,10,9,0,0,11,11,11,11,10,0,0,11,10,9,9,0,0,0,8,8,8,8,8,0,0,10,10,10,10,10,0,0,10,10,10,8,0,0,0,10,11,11,11,11,9,0,12,12,12,12,12,0,0,0,0,0,0,0,0,0,0,0,0,0,0,0,0,0,0,5,9,9,0,0,8,9,9,9,9,0,0,9,9,9,9,6,0,0,11,11,11,10,11,0,0,11,11,12,12,11,0,0,12,12,12,9,14,0,0,12,12,12,10,11,0,0,10,11,11,9,10,8,0,10,10,0,11,11,0,0,10,11,10,10,8,0,0,9,9,10,11,11,0,0,1,0,11,11,11,0,0,10,10,10,10,10,0,0,10,10,11,11,11,0,0,11,10,11,12,12,0,0,12,10,11,11,11,0,0,11,0,11,0,10,0,0,11,10,11,10,10,0,0,12,12,12,2,2,0,0,1,1,1,2,2,0
MiragePoint,0,0,4,3,4,0,0,0,0,6,5,4,4,5,0,0,6,6,6,6,7,0,0,7,7,7,7,6,0,0,8,7,7,7,7,0,0,9,8,9,9,9,0,0,9,9,9,9,9,0,0,7,9,9,7,7,0,0,6,6,6,6,6,0,0,6,6,6,6,5,0,0,7,7,7,5,0,0,0,6,8,8,7,6,0,0,5,5,5,5,5,0,0,5,5,5,5,5,0,0,6,5,5,0,0,0,0,0,5,5,5,5,0,0,0,5,5,5,5,0,0,6,6,6,6,6,0,0,6,6,6,6,6,0,0,6,6,5,5,5,0,0,6,6,6,6,6,0,0,5,5,5,5,5,0,0,4,5,6,6,5,0,0,6,6,6,6,5,0,0,5,6,6,6,0,0,0,5,5,5,5,5,0,0,7,7,6,7,7,0,0,7,7,7,4,0,0,0,8,8,8,8,8,0,0,10,10,10,10,10,0,0,0,0,0,0,0,0,0,0,0,0,0,0,0,0,0,0,0,7,7,0,0,7,7,6,6,6,0,0,7,7,7,7,11,0,0,9,8,8,8,8,0,0,9,9,8,9,9,0,0,9,9,9,7,8,0,0,9,9,9,9,8,0,0,9,9,10,9,9,0,0,9,8,0,9,9,0,0,9,9,9,9,9,0,0,7,9,9,9,9,0,0,1,0,9,9,9,0,0,8,8,8,8,8,0,0,8,8,8,8,8,0,0,10,10,9,10,10,0,0,9,9,9,9,9,0,0,9,0,10,0,8,0,0,9,9,9,9,9,0,0,9,9,9,1,1,0,0,1,1,1,1,1,0
InfiniteBloom,0,0,0,0,0,0,0,0,0,0,0,0,0,0,0,0,0,0,0,0,0,0,0,0,0,0,0,0,0,0,0,0,0,0,0,0,0,0,0,0,0,0,0,0,0,0,0,0,0,0,0,0,0,0,0,0,0,0,0,0,0,0,0,0,0,0,0,0,0,0,0,0,0,0,0,0,0,0,0,0,0,0,0,0,0,0,0,0,0,0,0,0,0,0,0,0,0,0,0,0,0,0,0,0,0,0,0,0,0,0,0,0,0,0,0,0,0,0,0,0,0,0,0,0,0,0,0,0,0,0,0,0,0,0,0,0,0,0,0,0,0,0,0,0,0,0,0,0,0,0,0,0,0,0,0,0,0,0,0,0,0,0,0,0,0,0,0,0,0,0,0,0,0,0,0,0,0,0,0,0,0,0,0,0,0,0,0,0,0,0,0,0,0,0,0,0,0,0,0,0,0,0,0,0,0,0,0,0,0,0,0,0,0,0,0,0,0,0,0,0,0,0,0,0,0,0,0,0,0,0,0,0,0,0,0,0,0,0,0,0,0,0,0,0,0,0,0,0,0,0,0,0,0,0,0,0,0,0,0,0,0,0,0,0,0,0,0,0,0,0,0,0,0,0,0,0,0,0,0,0,0,0,0,0,0,0,0,0,0,0,0,0,0,0,0,0,0,0,0,0,0,0,0,0,0,0,0,0,0,0,0,0,0,0,0,0,0,0,0,0,0,0,0,0,0,0,0,0,0,0,0,0,0,0,0,0,0,0,0,0,0,0,0,0,0,0,0,0,0,0,0,0,0,0,0,0,0,0,0,0,0,0,0,0,0
PrismArc,0,0,6,6,6,5,6,5,0,4,4,4,4,4,4,0,6,6,6,6,6,6,0,0,0,0,0,0,0,0,6,6,6,6,6,6,0,0,0,0,0,0,0,0,6,6,6,6,6,6,0,0,0,0,0,0,0,0,6,6,5,4,5,5,0,0,0,0,0,0,0,0,5,0,5,5,5,0,0,0,0,0,5,0,0,0,0,0,0,0,0,0,0,5,5,5,0,5,5,0,5,5,6,5,0,5,0,0,5,5,5,5,5,0,0,5,5,5,5,5,0,5,5,5,5,5,0,0,5,5,5,0,0,0,0,0,0,0,0,0,0,0,0,0,0,0,0,0,0,0,0,0,0,0,0,0,0,0,0,0,0,0,0,0,0,0,0,0,0,0,0,0,0,0,0,0,0,0,0,0,0,0,0,0,0,0,0,0,0,0,0,0,0,0,0,0,0,0,0,0,0,0,0,0,0,0,0,0,0,0,0,0,0,0,0,0,0,0,0,0,0,0,0,0,0,0,0,0,0,0,0,0,0,0,0,0,0,0,0,0,0,0,0,0,0,0,0,0,0,0,0,0,0,0,0,0,0,0,0,0,0,0,0,0,0,0,0,0,0,0,0,0,0,0,0,0,0,0,0,0,0,0,0,0,0,0,0,0,0,0,0,0,0,0,0,0,0,0,0,0,0,0,0,0,0,0,0,0,0,0,0,0,0,0,0,0,0,0,0,0,0,0,0,0,0,0,0,0,0,0,0,0,0,0,0,0,0,0,0,0,0,0,0,0,0,0,0,0,0,0,0,0,0,0,0,0,0,0,0,0,0,0,0,0,0
VentureVista,0,0,0,0,0,0,0,0,0,0,0,0,0,0,0,0,0,0,0,0,0,0,0,6,6,6,6,6,6,0,0,0,0,0,0,0,0,6,6,6,5,6,0,0,0,0,0,0,0,0,0,6,6,4,6,6,0,0,0,0,0,0,0,0,0,5,5,5,5,5,0,0,0,0,0,0,0,0,0,0,0,0,0,0,0,0,0,0,0,0,0,0,0,0,0,0,0,0,0,0,5,5,5,5,0,5,0,0,6,5,5,5,5,0,0,5,5,5,5,0,0,5,5,5,5,5,0,0,5,5,5,0,0,0,0,0,0,0,0,0,0,0,0,0,0,0,0,0,0,0,0,0,0,0,0,0,0,0,0,0,0,0,0,0,0,0,0,0,0,0,0,0,0,0,0,0,0,0,0,0,0,0,0,0,0,0,0,0,0,0,0,0,0,0,0,0,0,0,0,0,0,0,0,0,0,0,0,0,0,0,0,0,0,0,0,0,0,0,0,0,0,0,0,0,0,0,0,0,0,0,0,0,0,0,0,0,0,0,0,0,0,0,0,0,0,0,0,0,0,0,0,0,0,0,0,0,0,0,0,0,0,0,0,0,0,0,0,0,0,0,0,0,0,0,0,0,0,0,0,0,0,0,0,0,0,0,0,0,0,0,0,0,0,0,0,0,0,0,0,0,0,0,0,0,0,0,0,0,0,0,0,0,0,0,0,0,0,0,0,0,0,0,0,0,0,0,0,0,0,0,0,0,0,0,0,0,0,0,0,0,0,0,0,0,0,0,0,0,0,0,0,0,0,0,0,0,0,0,0,0,0,0,0,0,0
SolarFlare,0,0,8,8,0,0,0,0,0,7,7,8,8,8,0,0,9,10,10,8,8,0,0,9,7,10,8,8,0,0,9,9,9,9,7,0,0,9,8,8,8,8,0,0,9,9,8,8,8,0,0,8,8,9,8,8,0,0,7,8,8,8,7,0,0,8,9,8,6,7,0,0,8,9,7,7,0,0,0,9,9,9,9,9,0,0,10,10,9,9,2,0,0,7,7,6,7,0,0,0,0,7,0,0,0,0,0,0,4,4,0,4,0,0,0,6,0,6,8,0,0,1,1,1,1,1,0,0,1,1,1,1,0,0,0,1,1,1,1,1,0,0,1,3,3,3,3,0,0,3,3,3,3,3,0,0,3,3,3,3,0,0,0,2,3,3,3,3,0,0,3,3,3,3,0,0,0,3,3,3,3,3,0,0,3,2,3,3,3,0,0,3,3,3,3,3,0,0,3,3,3,3,2,0,0,3,3,3,3,3,0,0,3,3,3,0,0,0,0,3,3,3,3,3,0,0,0,3,3,3,3,0,0,3,3,3,3,3,0,0,3,3,3,3,3,0,0,3,6,6,6,6,0,0,5,5,5,6,6,0,0,6,6,6,6,3,0,0,6,6,6,6,4,0,0,0,6,6,5,5,0,0,6,6,0,6,6,0,0,6,6,6,5,6,0,0,6,6,6,6,7,0,0,0,0,7,7,7,0,0,8,8,7,7,7,0,0,8,8,8,8,8,0,0,7,7,7,8,8,0,0,6,8,8,8,7,0,0,2,0,9,0,0,0,0,8,9,8,6,7,0,0,6,6,6,6,6,0,0,1,6,6,2,1,0
UrbanPeak,0,0,5,5,5,0,4,0,0,5,4,5,5,5,0,0,5,5,5,5,4,0,0,4,4,4,4,4,0,0,3,3,3,3,3,0,0,0,0,3,3,3,0,0,3,3,3,3,3,0,0,5,4,4,5,5,0,0,5,5,5,5,5,0,0,5,5,5,5,5,4,0,5,5,5,5,5,0,0,5,5,4,0,0,0,0,4,4,4,0,0,0,0,4,4,5,5,5,0,0,0,0,0,0,0,0,0,0,4,4,4,4,0,0,3,0,0,0,0,0,0,3,3,3,3,3,0,0,0,0,0,0,0,0,0,0,0,0,0,0,0,0,3,3,3,3,3,0,0,3,3,3,3,3,0,0,3,0,0,0,0,0,0,4,4,4,4,5,0,0,5,4,5,5,0,4,0,5,5,5,5,5,0,0,5,5,5,5,5,0,0,5,5,5,5,0,0,0,4,4,4,4,4,0,0,4,4,4,4,4,0,0,0,0,0,0,0,0,0,0,0,0,0,0,0,0,0,4,4,4,4,0,0,4,4,4,4,4,4,0,4,4,4,4,4,0,0,4,4,4,5,4,4,0,4,4,4,4,4,0,0,5,5,5,4,6,5,0,6,6,6,6,6,4,0,6,6,6,6,6,4,0,5,5,0,5,5,0,0,5,5,5,5,5,0,0,5,5,5,5,5,0,0,5,0,5,4,5,0,0,1,0,1,4,3,0,0,0,0,0,0,0,0,0,4,4,4,4,4,0,0,5,5,5,5,5,0,0,5,0,5,0,1,0,0,4,4,4,4,4,0,0,4,4,5,5,0,0,0,0,5,5,5,0,0
ThunderGate,0,0,5,5,4,0,0,0,0,5,4,4,5,5,0,0,5,5,5,5,4,0,0,4,4,4,4,4,0,0,3,3,3,3,3,0,0,5,5,3,3,3,0,0,3,3,3,3,3,0,0,5,4,5,5,5,0,0,5,5,5,5,5,0,0,5,5,5,5,5,0,0,5,5,5,5,0,0,0,5,5,4,0,0,0,0,4,4,4,4,4,0,0,4,4,5,5,5,0,0,0,0,0,0,0,0,0,0,4,4,4,4,0,0,0,0,0,0,0,0,0,3,3,3,3,3,0,0,0,3,3,3,3,0,0,0,0,0,0,0,0,0,3,3,3,3,3,0,0,3,3,3,3,3,0,0,0,0,0,0,0,0,0,4,4,4,4,5,0,0,4,3,4,4,0,0,0,4,4,4,4,4,0,0,4,4,4,4,4,0,0,5,5,5,0,0,0,0,4,3,4,4,4,0,0,0,0,0,0,0,0,0,0,0,0,0,0,0,0,4,5,5,5,5,0,0,0,4,4,4,4,0,0,4,4,4,4,4,0,0,5,5,5,5,4,0,0,4,4,5,4,4,0,0,5,5,5,5,5,0,0,5,5,5,4,4,0,0,5,5,5,5,5,0,0,5,5,5,5,5,0,0,5,5,0,5,5,0,0,5,5,5,5,5,0,0,5,6,6,6,5,0,0,0,0,4,5,5,0,0,5,3,3,3,3,0,0,0,0,0,0,0,0,0,4,4,4,4,4,0,0,4,4,4,4,4,0,0,4,0,4,0,0,0,0,4,4,4,4,4,0,0,4,4,5,0,0,0,0,0,5,5,0,0,0
NexusForge,0,0,0,0,0,0,0,0,0,0,0,0,0,0,0,0,0,0,0,0,0,0,0,0,0,0,0,0,0,0,0,0,0,0,0,0,0,0,0,0,0,0,0,0,0,0,0,0,0,0,0,0,0,0,0,0,0,0,0,0,0,0,0,0,0,0,0,0,0,0,0,0,0,0,0,0,0,0,0,0,0,0,0,0,0,0,0,0,0,0,0,0,0,0,0,0,0,0,0,0,0,0,0,0,0,0,0,0,0,0,0,0,0,0,0,0,0,0,0,0,0,0,0,0,0,0,0,0,0,0,0,0,0,0,0,0,0,0,0,0,0,0,0,0,0,0,0,0,0,0,0,0,0,0,0,0,0,0,0,0,0,0,0,0,0,0,0,0,0,0,0,0,0,0,0,0,0,0,0,0,0,0,0,0,0,0,0,0,0,0,0,0,0,0,0,0,0,0,0,0,0,0,0,0,0,0,0,0,0,0,0,0,0,0,0,0,0,0,0,0,0,0,0,0,0,0,0,0,0,0,0,0,0,0,0,0,0,0,0,0,0,0,0,0,0,0,0,0,0,0,0,0,0,0,0,0,0,0,0,0,0,0,0,0,0,0,0,0,0,0,0,0,0,0,0,0,0,0,0,0,0,0,0,0,0,0,0,0,0,0,0,0,0,0,0,0,0,0,0,0,0,0,0,0,0,0,0,0,0,0,0,0,0,0,0,0,0,5,0,0,0,0,0,0,0,0,0,0,0,0,0,0,0,0,0,0,0,0,0,0,0,0,5,0,0,0,0,0,0,0,0,0,0,0,0,0,0,0,0,0,0,0,0,0,0
ClearStream,0,0,0,0,0,0,0,0,0,0,0,0,0,0,0,0,0,0,0,0,0,0,0,0,0,0,0,0,0,0,0,0,0,0,0,0,0,0,0,0,0,0,0,0,0,0,0,0,0,0,0,0,0,0,0,0,0,0,0,0,0,0,0,0,0,0,0,0,0,0,0,0,0,0,0,0,0,0,0,0,0,0,0,0,0,0,0,0,1,1,1,0,0,1,1,1,1,1,0,0,0,1,1,0,0,0,0,0,1,1,1,1,0,0,0,1,1,1,1,0,0,1,1,1,1,1,0,0,1,1,1,1,1,0,0,1,1,1,1,1,0,0,1,1,1,1,1,0,0,1,1,1,1,1,0,0,1,1,1,1,1,0,0,1,1,1,1,1,0,0,1,1,1,1,0,0,0,1,1,1,1,1,0,0,1,1,1,1,1,0,0,1,1,1,0,0,0,0,0,0,0,0,0,0,0,0,0,0,0,0,0,0,0,0,0,0,0,0,0,0,0,0,0,0,0,0,0,0,0,0,0,0,0,0,0,0,0,0,0,0,0,0,0,0,0,0,0,0,0,0,0,0,0,0,0,0,0,0,0,0,0,0,0,0,0,0,0,0,0,0,0,0,0,0,0,0,0,0,0,0,0,0,0,0,0,0,0,0,0,0,0,0,0,0,0,0,0,0,0,0,0,0,0,0,0,0,0,0,0,0,0,0,0,0,0,0,0,0,0,0,0,0,0,0,0,0,0,0,0,0,0,0,0,0,0,0,0,0,0,0,0,0,0,0,0,0,0,0,0,0,0,0,0,0,0,0,0,0,0,0,0,0,0,0,0
ElectroLoom,0,0,0,0,0,0,0,0,0,0,0,0,0,0,0,0,0,0,0,0,0,0,0,0,0,0,0,0,0,0,0,0,0,0,0,0,0,0,0,0,0,0,0,0,0,0,0,0,0,0,0,0,0,0,0,0,0,0,0,0,0,0,0,0,0,0,0,0,0,0,0,0,0,0,0,0,0,0,0,0,0,0,0,0,0,0,0,0,0,0,0,0,0,0,0,0,0,0,0,0,0,0,0,0,0,0,0,0,0,0,0,0,0,0,0,0,0,0,0,0,0,0,0,0,0,0,0,0,0,0,0,0,0,0,0,0,0,0,0,0,0,0,4,4,4,4,4,0,0,0,0,0,0,0,0,0,4,4,4,4,4,0,0,0,0,0,0,0,0,0,4,4,4,4,0,0,0,0,0,0,0,0,0,0,4,4,4,4,4,0,0,0,0,0,0,0,0,0,0,0,0,0,0,0,0,0,0,0,0,0,0,0,0,0,0,0,0,0,0,0,0,0,0,0,0,0,0,0,0,0,0,0,0,0,0,0,0,0,0,0,4,4,4,4,4,0,0,0,0,0,0,0,0,0,4,4,4,4,4,0,0,0,0,0,0,0,0,0,4,4,4,4,4,0,0,0,0,0,0,0,0,0,4,4,0,4,4,0,0,0,0,0,0,0,0,0,4,5,5,5,5,0,0,0,0,0,0,0,0,0,0,0,0,0,0,0,0,0,0,0,0,0,0,0,0,0,0,0,0,0,0,0,0,0,0,0,0,0,0,0,0,0,0,0,0,0,0,0,0,0,0,0,0,0,0,0,0,0,0,0,0,0,0,0,0
FireHaven,0,0,0,0,0,0,0,0,0,0,0,0,0,0,0,0,0,0,0,0,0,0,0,0,0,0,0,0,0,0,0,0,0,0,0,0,0,0,0,0,0,0,0,0,0,0,0,0,0,0,0,0,0,0,0,0,0,0,0,0,0,0,0,0,0,0,0,0,0,0,0,0,0,0,0,0,0,0,0,0,0,0,0,0,0,0,0,0,0,0,0,0,0,0,0,0,0,0,0,0,0,0,0,0,0,0,0,0,0,0,0,0,0,0,0,0,0,0,0,0,0,0,0,0,0,0,0,0,0,0,0,0,0,0,0,0,0,0,4,4,0,0,0,0,0,0,0,0,0,4,4,4,4,4,0,0,0,0,0,0,0,0,0,4,4,4,4,4,0,0,0,0,0,0,0,0,0,4,4,4,4,4,0,0,0,0,0,0,0,0,0,4,4,4,4,4,0,0,0,0,0,0,0,0,0,0,0,0,0,0,0,0,0,0,0,0,0,0,0,0,0,0,0,0,0,0,0,0,0,0,0,0,0,0,0,0,0,0,0,0,0,0,0,0,0,0,0,4,4,4,4,4,0,0,0,0,0,0,0,0,0,4,4,4,4,4,0,0,0,0,0,0,0,0,0,4,4,4,4,4,0,0,0,0,0,0,0,0,0,4,4,4,4,4,0,0,0,0,0,0,0,0,0,0,0,0,0,0,0,0,0,0,0,0,0,0,0,0,0,0,0,0,0,0,0,0,0,0,0,0,0,0,0,0,0,0,0,0,0,0,0,0,0,0,0,0,0,0,0,0,0,0,0,0,0,0,0,0,0,0,0,0,0,0,0
AquaNova,0,0,0,0,0,0,0,0,0,0,0,0,0,0,0,0,0,0,0,0,0,0,0,0,0,0,0,0,0,0,0,0,0,0,0,0,0,0,0,0,0,0,0,0,0,0,0,0,0,0,0,0,0,0,0,0,0,0,0,0,0,0,0,0,0,0,0,0,0,0,0,0,0,0,0,0,0,0,0,0,0,0,0,0,0,0,0,0,0,0,0,0,0,0,0,0,0,0,0,0,0,0,0,0,0,0,0,0,0,0,0,0,0,0,0,0,0,0,0,0,0,0,0,0,0,0,0,0,0,0,0,0,0,0,0,0,0,0,0,0,0,0,0,0,0,0,0,0,0,0,0,0,0,0,0,0,4,4,4,4,4,0,0,4,4,4,4,4,0,0,7,7,7,8,0,0,0,5,6,6,5,5,0,0,5,5,4,3,3,0,0,4,4,4,4,4,0,0,4,4,4,4,4,0,0,4,4,4,4,4,0,0,4,4,4,4,4,0,0,4,4,4,4,4,0,0,0,4,4,4,4,0,0,4,4,4,4,4,0,0,4,4,4,4,4,0,0,4,4,4,2,2,0,0,4,4,3,3,2,0,0,0,0,0,0,0,0,0,0,0,0,0,0,0,0,0,0,0,0,0,0,0,0,0,0,0,0,0,0,0,0,0,0,0,0,0,0,0,0,0,0,0,0,0,0,0,0,0,0,0,0,0,0,0,0,0,0,0,0,0,0,0,0,0,0,0,0,0,0,0,0,0,0,0,0,0,0,0,0,0,0,0,0,0,0,0,0,0,0,0,0,0,0,0,0,0,0,0,0,0,0,0,0,0,0
EmeraldSky,0,0,0,0,0,0,0,0,0,0,0,0,0,0,0,0,0,0,0,0,0,0,0,0,0,0,0,0,0,0,0,0,0,0,0,0,0,0,0,0,0,0,0,0,0,0,0,0,0,0,0,0,0,0,0,0,0,0,0,0,0,0,0,0,0,0,0,0,0,0,0,0,0,0,0,0,0,0,0,0,0,0,0,0,0,0,0,0,0,0,0,0,0,0,0,0,0,0,0,0,0,0,0,0,0,0,0,0,0,0,0,0,0,0,0,0,0,0,0,0,0,0,0,0,0,0,0,0,0,0,0,0,0,0,0,0,0,0,0,0,0,0,0,0,0,0,0,0,0,0,0,0,0,0,0,0,0,0,0,0,0,0,0,0,0,0,0,0,0,0,0,0,0,0,0,0,0,0,0,0,0,0,0,0,0,0,0,0,0,0,0,0,0,0,0,0,0,0,0,0,0,0,0,0,0,0,0,0,0,0,0,0,0,0,0,0,0,0,0,0,0,0,0,0,0,0,0,0,0,0,0,0,0,0,0,0,0,0,0,0,0,0,0,0,0,0,0,0,0,0,0,0,0,0,0,0,0,0,0,0,0,0,0,0,0,0,0,0,0,0,0,0,0,0,0,0,0,0,0,0,0,0,0,0,0,0,0,0,0,0,0,0,0,0,0,0,0,0,0,0,0,0,0,0,0,0,0,0,0,0,0,0,0,0,0,0,0,0,0,0,0,0,0,0,0,0,0,0,0,0,0,0,0,0,0,0,0,0,0,0,0,0,0,0,0,0,0,0,0,0,0,0,0,0,0,0,0,0,0,0,0,0,0,0,0
StratusEdge,0,0,0,0,0,0,0,0,0,0,0,0,0,0,0,0,0,0,0,0,0,0,0,0,0,0,0,0,0,0,0,0,0,0,0,0,0,0,0,0,0,0,0,0,0,0,0,0,0,0,0,0,0,0,0,0,0,0,0,0,0,0,0,0,0,0,0,0,0,0,0,0,0,0,0,0,0,0,0,0,0,0,0,0,0,0,0,0,0,0,0,0,0,0,0,0,0,0,0,0,0,0,0,0,0,0,0,0,0,0,0,0,0,0,0,0,0,0,0,0,0,0,0,0,0,0,0,0,0,0,0,0,0,0,0,0,0,0,0,0,0,0,0,0,0,0,0,0,0,0,0,0,0,0,0,0,0,0,0,0,0,0,0,0,0,0,0,0,0,0,0,0,0,0,0,0,0,0,0,0,0,0,0,0,0,0,0,0,0,0,0,0,0,0,0,0,0,0,0,0,0,0,0,0,0,0,0,0,0,0,0,0,0,0,0,0,0,0,0,0,0,0,0,0,0,0,0,0,0,0,0,0,0,0,0,0,0,0,0,0,0,0,0,0,0,0,0,0,0,0,0,0,0,0,0,0,0,0,0,0,0,0,0,0,0,0,0,0,0,0,0,0,0,0,0,0,0,0,0,0,0,0,0,0,0,0,0,0,0,0,0,0,0,0,0,0,0,0,0,0,0,0,0,0,0,0,0,0,0,0,0,0,0,0,0,0,0,0,0,0,0,0,0,0,0,0,0,0,0,0,0,0,0,0,0,0,0,0,0,0,0,0,0,0,0,0,0,0,0,0,0,0,0,0,0,0,0,0,0,0,0,0,0,0,0
TrailBlaze,0,0,0,0,0,0,0,0,0,0,0,0,0,0,0,0,0,0,0,0,0,0,0,0,0,0,0,0,0,0,0,0,0,0,0,0,0,0,0,0,0,0,0,0,0,0,0,0,0,0,0,0,0,0,0,0,0,0,0,0,0,0,0,0,0,0,0,0,0,0,0,0,0,0,0,0,0,0,0,0,0,0,0,0,0,0,0,0,0,0,0,0,0,0,0,0,0,0,0,0,0,0,0,0,0,0,0,0,0,0,0,0,0,0,0,0,4,0,0,0,0,0,0,0,0,0,0,0,0,0,0,0,0,0,0,10,12,11,6,6,0,0,5,5,5,3,3,0,0,5,6,3,4,1,0,0,5,5,5,2,0,0,0,0,0,0,0,0,0,0,0,0,0,0,0,0,0,0,0,0,0,0,0,0,0,0,0,0,0,0,0,0,0,0,0,0,0,0,0,0,0,0,0,0,0,0,0,0,0,0,0,0,0,0,0,0,0,0,0,0,0,0,0,0,0,0,0,0,0,0,0,0,0,0,0,0,0,0,0,0,0,0,0,0,0,0,0,0,0,0,0,0,0,0,0,0,0,0,0,0,0,0,0,0,0,0,0,0,0,0,0,0,0,0,0,0,0,0,0,0,0,0,0,0,0,0,0,0,0,0,0,0,0,0,0,0,0,0,0,0,0,0,0,0,0,0,0,0,0,0,0,0,0,0,0,0,0,0,0,0,0,0,0,0,0,0,0,0,0,0,0,0,0,0,0,0,0,0,0,0,0,0,0,0,0,0,0,0,0,0,0,0,0,0,0,0,0,0,0,0,0,0,0,0,0
VelocityWave,0,0,14,13,13,0,10,0,0,5,6,7,5,6,0,0,5,7,7,8,8,0,0,7,7,6,6,5,0,0,8,7,3,3,5,0,0,12,4,5,5,4,0,0,6,4,4,3,2,0,0,6,5,4,3,3,0,0,6,5,4,4,4,0,0,4,3,3,3,3,0,0,3,3,3,3,3,0,0,5,8,6,8,6,0,0,7,8,8,8,7,0,0,6,6,4,4,5,0,0,10,7,6,0,0,0,0,0,1,2,2,2,0,0,0,6,8,6,5,0,0,3,2,3,2,2,0,0,5,5,5,5,5,0,0,6,5,5,6,6,0,0,6,5,6,6,6,0,0,6,5,5,8,9,0,0,4,4,3,3,3,1,0,1,3,3,2,3,0,0,2,1,2,1,0,0,1,1,2,1,2,1,0,0,1,3,3,3,2,0,0,2,2,2,3,4,0,0,3,2,2,2,7,0,0,2,3,2,2,2,0,0,6,5,5,5,5,0,0,3,9,4,3,3,0,0,0,6,4,2,2,0,0,2,2,2,2,2,0,0,2,3,2,2,2,0,0,2,1,1,1,5,0,0,2,2,2,2,2,0,0,3,3,3,4,2,0,0,3,3,3,3,2,0,0,0,2,2,3,2,0,0,3,2,0,3,3,0,0,2,3,3,2,3,0,0,2,4,4,4,2,0,0,0,0,2,2,2,0,0,2,4,4,2,2,0,0,1,1,1,1,2,0,0,2,2,2,2,2,0,0,2,2,2,2,2,0,0,5,0,1,0,1,0,0,2,2,2,2,2,0,0,1,1,1,1,1,0,0,1,1,1,1,1,0
AmberLight,0,0,0,0,0,0,0,0,0,0,0,0,0,0,0,0,0,0,0,0,0,0,0,0,0,0,0,0,0,0,0,0,0,0,0,0,0,0,0,0,0,0,0,0,0,0,0,0,0,0,0,0,0,0,0,0,0,0,0,0,0,0,0,0,0,0,0,0,0,0,0,0,0,0,0,0,0,0,0,0,0,0,0,0,0,0,0,0,0,0,0,0,0,0,0,0,0,0,0,0,0,0,0,0,0,0,0,0,0,0,0,0,0,0,0,0,0,0,0,0,0,0,0,0,0,0,0,0,0,0,0,0,0,0,0,0,0,0,0,0,0,0,0,0,0,0,0,0,0,0,0,0,0,0,0,0,0,0,0,0,0,0,0,0,0,0,0,0,0,0,0,0,0,0,0,0,0,0,0,0,0,0,0,0,0,0,0,0,0,0,0,0,0,0,0,0,0,0,0,0,0,0,0,0,0,0,0,0,0,0,0,0,0,0,0,0,0,0,0,0,0,0,0,0,0,0,0,0,0,0,0,0,0,0,0,0,0,0,0,0,0,0,0,0,0,0,0,0,0,0,0,0,0,0,0,0,0,0,0,0,0,0,0,0,0,0,0,0,0,0,0,0,0,0,0,0,0,0,0,0,0,0,0,0,0,0,0,0,0,0,0,0,0,0,0,0,0,0,0,0,0,0,0,0,0,0,0,0,0,0,0,0,0,0,0,0,0,0,0,0,0,0,0,0,0,0,0,0,0,0,0,0,0,0,0,0,0,0,0,0,0,0,0,0,0,0,0,0,0,0,0,0,0,0,0,0,0,0,0,0,0,0,0,0,0
ZenithPinnacle_Corp,0,0,0,0,0,0,0,0,0,0,0,0,0,0,0,0,0,0,0,0,0,0,0,0,0,0,0,0,0,0,0,0,0,0,0,0,0,0,0,0,0,0,0,0,0,0,0,0,0,0,0,0,0,0,0,0,0,0,0,0,0,0,0,0,0,0,0,0,0,0,0,0,0,0,0,0,0,0,0,0,0,0,0,0,0,0,0,0,0,0,0,0,0,0,0,0,0,0,0,0,0,0,0,0,0,0,0,0,0,0,0,0,0,0,0,0,0,0,0,0,0,0,0,0,0,0,0,0,0,0,0,0,0,0,0,0,0,0,0,0,0,0,0,0,0,0,0,0,0,0,0,0,0,0,0,0,0,0,0,0,0,0,0,0,0,0,0,0,0,0,0,0,0,0,0,0,0,0,0,0,0,0,0,0,0,0,0,0,0,0,0,0,0,0,0,0,0,0,0,0,0,0,0,0,0,0,0,0,0,0,0,0,0,0,0,0,0,0,0,0,0,0,0,0,0,0,0,0,0,0,0,0,0,0,0,0,0,0,0,0,0,0,0,0,0,0,0,0,0,0,0,0,0,0,0,0,0,0,0,0,0,0,0,0,0,0,0,0,0,0,0,0,0,0,0,0,0,0,0,0,0,0,0,0,0,0,0,0,0,0,0,0,0,0,0,0,0,0,0,0,0,0,0,0,0,0,0,0,0,0,0,0,0,0,0,0,0,0,0,0,0,0,0,0,0,0,0,0,0,0,0,0,0,0,0,0,0,0,0,0,0,0,0,0,0,0,0,0,0,0,0,0,0,0,0,0,0,0,0,0,0,0,0,0,0
HorizonDrift,0,0,0,0,0,0,0,0,0,0,0,0,0,0,0,0,0,0,0,0,0,0,0,0,0,0,0,0,0,0,0,0,0,0,0,0,0,0,0,0,0,0,0,0,0,0,0,0,0,0,0,0,0,0,0,0,0,0,0,0,0,0,0,0,0,0,0,0,0,0,0,0,0,0,0,0,0,0,0,0,0,0,0,0,0,0,0,0,0,0,0,0,0,0,0,0,0,0,0,0,0,0,0,0,0,0,0,0,0,0,0,0,0,0,0,0,0,0,0,0,0,0,0,0,0,0,0,0,0,0,0,0,0,0,0,0,0,0,0,0,0,0,0,0,0,0,0,0,0,0,0,0,0,0,0,0,0,0,0,0,0,0,0,0,0,0,0,0,0,0,0,0,0,0,0,0,0,0,0,0,0,0,0,0,0,0,0,0,0,0,0,0,0,0,0,0,0,0,0,0,0,0,0,0,0,0,0,0,0,0,0,0,0,0,0,0,0,0,0,0,0,0,0,0,0,0,0,0,0,0,0,0,0,0,0,0,0,0,0,0,0,0,0,0,0,0,0,0,0,0,0,0,0,0,0,0,0,0,0,0,0,0,0,0,0,0,0,0,0,0,0,0,0,0,0,0,0,0,0,0,0,0,0,0,0,0,0,0,0,0,0,0,0,0,0,0,0,0,0,0,0,0,0,0,0,0,0,0,0,0,0,0,0,0,0,0,0,0,0,0,0,0,0,0,0,0,0,0,0,0,0,0,0,0,0,0,0,0,0,0,0,0,0,0,0,0,0,0,0,0,0,0,0,0,0,0,0,0,0,0,0,0,0,0,0
SolarCrest_Systems,0,0,0,0,0,0,0,0,0,0,0,0,0,0,0,0,0,0,0,0,0,0,0,0,0,0,0,0,0,0,0,0,0,0,0,0,0,0,0,0,0,0,0,0,0,0,0,0,0,0,0,0,0,0,0,0,0,0,0,0,0,0,0,0,0,0,0,0,0,0,0,0,0,0,0,0,0,0,0,0,0,0,0,0,0,0,0,0,0,0,0,0,0,0,0,0,0,0,0,0,0,0,0,0,0,0,0,0,0,0,0,0,0,0,0,0,0,0,0,0,0,0,0,0,0,0,0,0,0,0,0,0,0,0,0,0,0,0,0,0,0,0,0,0,0,0,0,0,0,0,0,0,0,0,0,0,0,0,0,0,0,0,0,0,0,0,0,0,0,0,0,0,0,0,0,0,0,0,0,0,0,0,0,0,0,0,0,0,0,0,0,0,0,0,0,0,0,0,0,0,0,0,0,0,0,0,0,0,0,0,0,0,0,0,0,0,0,0,0,0,0,0,0,0,0,0,0,0,0,0,0,0,0,0,0,0,0,0,0,0,0,0,0,0,0,0,0,0,0,0,0,0,0,0,0,0,0,0,0,0,0,0,0,0,0,0,0,0,0,0,0,0,0,0,0,0,0,0,0,0,0,0,0,0,0,0,0,0,0,0,0,0,0,0,0,0,0,0,0,0,0,0,0,0,0,0,0,0,0,0,0,0,0,0,0,0,0,0,0,0,0,0,0,0,0,0,0,0,0,0,0,0,0,0,0,0,0,0,0,0,0,0,0,0,0,0,0,0,0,0,0,0,0,0,0,0,0,0,0,0,0,0,0,0,0
CloudStream_Enterprises,0,0,0,0,0,0,0,0,0,0,0,0,0,0,0,0,0,0,0,0,0,0,0,0,0,0,0,0,0,0,0,0,0,0,0,0,0,0,0,0,0,0,0,0,0,0,0,0,0,0,0,0,0,0,0,0,0,0,0,0,0,0,0,0,0,0,0,0,0,0,0,0,0,0,0,0,0,0,0,0,0,0,0,0,0,0,0,0,0,0,0,0,0,0,0,0,0,0,0,0,0,0,0,0,0,0,0,0,0,0,0,0,0,0,0,0,0,0,0,0,0,0,0,0,0,0,0,0,0,0,0,0,0,0,0,0,0,0,0,0,0,0,0,0,0,0,0,0,0,0,0,0,0,0,0,0,0,0,0,0,0,0,0,0,0,0,0,0,0,0,0,0,0,0,0,0,0,0,0,0,0,0,0,0,0,0,0,0,0,0,0,0,0,0,0,0,0,0,0,0,0,0,0,0,0,0,0,0,0,0,0,0,0,0,0,0,0,0,0,0,0,0,0,0,0,0,0,0,0,0,0,0,0,0,0,0,0,0,0,0,0,0,0,0,0,0,0,0,0,0,0,0,0,0,0,0,0,0,0,0,0,0,0,0,0,0,0,0,0,0,0,0,0,0,0,0,0,0,0,0,0,0,0,0,0,0,0,0,0,0,0,0,0,0,0,0,0,0,0,0,0,0,0,0,0,0,0,0,0,0,0,0,0,0,0,0,0,0,0,0,0,0,0,0,0,0,0,0,0,0,0,0,0,0,0,0,0,0,0,0,0,0,0,0,0,0,0,0,0,0,0,0,0,0,0,0,0,0,0,0,0,0,0,0,0
CrimsonTrail_Solutions,0,0,0,0,0,0,0,0,0,0,0,0,0,0,0,0,0,0,0,0,0,0,0,0,0,0,0,0,0,0,0,0,0,0,0,0,0,0,0,0,0,0,0,0,0,0,0,0,0,0,0,0,0,0,0,0,0,0,0,0,0,0,0,0,0,0,0,0,0,0,0,0,0,0,0,0,0,0,0,0,0,0,0,0,0,0,0,0,0,0,0,0,0,0,0,0,0,0,0,0,0,0,0,0,0,0,0,0,0,0,0,0,0,0,0,0,0,0,0,0,0,0,0,0,0,0,0,0,0,0,0,0,0,0,0,0,0,0,0,0,0,0,0,0,0,0,0,0,0,0,0,0,0,0,0,0,0,0,0,0,0,0,0,0,0,0,0,0,0,0,0,0,0,0,0,0,0,0,0,0,0,0,0,0,0,0,0,0,0,0,0,0,0,0,0,0,0,0,0,0,0,0,0,0,0,0,0,0,0,0,0,0,0,0,0,0,0,0,0,0,0,0,0,0,0,0,0,0,0,0,0,0,0,0,0,0,0,0,0,0,0,0,0,0,0,0,0,0,0,0,0,0,0,0,0,0,0,0,0,0,0,0,0,0,0,0,0,0,0,0,0,0,0,0,0,0,0,0,0,0,0,0,0,0,0,0,0,0,0,0,0,0,0,0,0,0,0,0,0,0,0,0,0,0,0,0,0,0,0,0,0,0,0,0,0,0,0,0,0,0,0,0,0,0,0,0,0,0,0,0,0,0,0,0,0,0,0,0,0,0,0,0,0,0,0,0,0,0,0,0,0,0,0,0,0,0,0,0,0,0,0,0,0,0,0
NeoGlow_Ventures,0,0,0,0,0,0,0,0,0,0,0,0,0,0,0,0,0,0,0,0,0,0,0,0,0,0,0,0,0,0,0,0,0,0,0,0,0,0,0,0,0,0,0,0,0,0,0,0,0,0,0,0,0,0,0,0,0,0,0,0,0,0,0,0,0,0,0,0,0,0,0,0,0,0,0,0,0,0,0,0,0,0,0,0,0,0,0,0,0,0,0,0,0,0,0,0,0,0,0,0,0,0,0,0,0,0,0,0,0,0,0,0,0,0,0,0,0,0,0,0,0,0,0,0,0,0,0,0,0,0,0,0,0,0,0,0,0,0,0,0,0,0,0,0,0,0,0,0,0,0,0,0,0,0,0,0,0,0,0,0,0,0,0,0,0,0,0,0,0,0,0,0,0,0,0,0,0,0,0,0,0,0,0,0,0,0,0,0,0,0,0,0,0,0,0,0,0,0,0,0,0,0,0,0,0,0,0,0,0,0,0,0,0,0,0,0,0,0,0,0,0,0,0,0,0,0,0,0,0,0,0,0,0,0,0,0,0,0,0,0,0,0,0,0,0,0,0,0,0,0,0,0,0,0,0,0,0,0,0,0,0,0,0,0,0,0,0,0,0,0,0,0,0,0,0,0,0,0,0,0,0,0,0,0,0,0,0,0,0,0,0,0,0,0,0,0,0,0,0,0,0,0,0,0,0,0,0,0,0,0,0,0,0,0,0,0,0,0,0,0,0,0,0,0,0,0,0,0,0,0,0,0,0,0,0,0,0,0,0,0,0,0,0,0,0,0,0,0,0,0,0,0,0,0,0,0,0,0,0,0,0,0,0,0,0
Tech_Systems,0,0,0,0,0,0,0,0,0,0,0,0,0,0,0,0,0,0,0,0,0,0,0,0,0,0,0,0,0,0,0,0,8,9,0,0,0,0,0,0,0,0,0,0,0,0,5,5,5,0,0,0,0,0,0,0,0,0,0,0,0,0,0,0,0,0,0,0,0,0,0,0,0,0,0,0,0,0,0,0,0,0,0,0,0,0,0,0,0,0,0,0,0,0,0,0,0,0,0,0,0,0,0,0,0,0,0,0,0,4,0,0,0,0,0,0,0,0,0,0,0,0,0,0,0,0,0,0,1,0,0,0,0,0,0,0,0,0,0,0,0,0,0,0,0,0,0,0,0,0,0,0,5,5,0,0,0,0,0,0,0,0,0,0,0,0,0,0,0,0,0,0,0,0,0,0,0,0,0,0,0,0,0,0,0,0,0,0,0,0,0,0,0,0,0,0,0,0,0,0,0,0,0,0,0,0,0,0,0,0,0,0,0,0,0,0,0,0,0,0,0,0,0,0,0,0,0,0,0,0,0,0,0,0,0,0,0,0,0,0,0,0,0,0,0,0,0,0,0,0,0,0,0,0,0,0,0,0,0,0,0,0,0,0,0,0,0,0,0,0,0,0,0,0,0,0,0,0,0,0,0,0,0,0,0,0,2,0,0,0,0,0,0,0,0,0,0,0,0,0,0,0,0,0,0,0,0,0,0,0,0,0,0,0,0,0,0,0,0,0,0,0,0,0,0,0,0,0,0,0,0,0,0,0,0,0,0,0,0,0,0,0,0,0,0,0,0,0,0,0,0,0,0,0,0,0,0,0,0,0,0,0,0,0,0
